file,label
1,0
2,2
3,3
4,4
5,0
6,2
7,3
9,0
10,2
11,3
12,4
13,0
16,4
18,2
20,4
21,0
22,2
24,4
25,0
26,2
27,3
28,4
30,2
32,4
34,1
35,3
36,4
38,2
39,3
40,4
42,1
43,3
46,2
47,3
48,4
49,0
52,4
53,1
54,2
55,3
56,4
57,1
58,1
59,3
60,4
61,1
62,2
64,4
66,1
67,3
68,4
69,1
70,2
71,3
72,4
73,1
74,1
76,4
77,1
78,2
81,1
82,1
83,3
85,1
86,2
87,3
89,1
90,1
92,4
94,2
95,3
97,1
98,2
99,2
100,4
103,2
104,4
105,0
106,2
108,4
109,0
111,2
112,4
113,0
114,2
115,3
116,4
117,1
118,2
119,2
120,4
123,2
125,1
126,2
127,3
128,4
129,1
130,2
131,3
133,1
134,2
136,4
137,1
138,2
139,2
140,4
141,0
142,2
143,3
145,1
146,1
147,3
148,4
150,1
151,3
152,3
153,1
154,2
155,3
158,1
159,3
160,3
161,1
162,2
163,3
164,4
165,0
166,1
169,1
170,2
171,3
173,0
174,2
175,3
176,4
178,1
180,4
182,2
183,3
184,4
186,1
187,3
188,4
189,0
190,2
191,3
192,4
193,0
194,1
195,3
197,0
200,4
201,0
202,1
203,3
204,4
205,0
206,2
207,3
209,0
210,2
211,2
212,4
213,0
214,2
215,3
218,1
219,3
220,4
222,3
223,0
224,1
225,3
226,4
229,3
232,1
234,4
235,0
236,1
237,2
238,4
241,2
242,4
243,0
244,1
246,4
249,3
250,4
251,0
252,1
253,3
255,0
256,1
258,4
260,1
261,2
262,4
264,1
266,4
267,0
268,1
269,2
270,4
271,0
272,2
273,3
274,4
275,0
276,1
277,2
278,4
280,1
281,3
282,4
283,0
284,2
285,2
286,4
287,0
288,2
289,3
292,1
293,2
294,4
295,0
298,4
299,0
300,2
301,2
302,4
304,1
305,3
306,4
307,0
309,2
310,4
311,0
312,1
313,3
314,4
316,2
317,3
320,1
326,4
327,0
328,1
329,3
330,4
331,0
335,0
336,1
337,3
338,4
339,1
340,2
341,3
342,4
343,1
344,1
345,3
348,2
350,4
352,2
353,3
355,0
356,1
357,2
358,4
359,0
360,2
361,3
362,4
363,0
364,1
365,2
366,4
367,0
368,1
369,3
370,3
372,1
374,3
375,0
377,3
379,1
382,3
383,1
384,1
385,3
386,3
387,0
388,1
389,2
390,3
391,0
392,1
394,4
395,0
396,1
397,2
398,4
399,1
400,1
402,4
403,0
404,2
405,2
406,4
407,1
409,3
411,0
412,1
413,2
415,0
416,2
417,3
419,0
421,2
423,0
424,2
427,0
428,1
429,2
430,4
431,0
433,3
434,4
436,1
438,4
440,1
441,3
442,4
443,0
444,1
445,3
446,3
448,1
449,3
450,4
451,0
452,1
454,4
455,0
456,1
457,3
458,4
459,0
460,1
461,3
463,0
464,1
466,4
467,0
470,4
471,0
474,4
475,0
477,3
478,4
479,0
480,1
481,3
482,4
483,0
484,1
485,2
487,0
488,1
489,2
490,4
492,1
493,2
494,4
495,0
497,3
498,4
499,0
500,2
502,4
504,2
505,3
507,0
508,2
509,2
510,4
512,1
513,3
514,4
515,0
516,2
517,3
518,4
519,0
520,1
521,2
522,4
523,0
524,1
525,3
526,4
527,0
528,2
529,2
531,0
532,1
533,3
536,2
537,2
539,0
540,1
541,3
542,4
545,2
546,4
547,0
550,4
551,0
552,2
554,4
556,1
557,3
558,4
559,0
560,1
562,4
563,0
564,2
566,4
567,1
568,1
569,2
570,4
571,1
572,2
573,3
574,4
575,1
578,4
579,1
580,2
581,3
582,4
583,1
587,1
588,2
590,4
591,0
592,1
593,3
594,4
595,0
596,2
597,3
600,1
601,2
602,4
603,0
605,3
606,4
607,0
608,1
609,2
610,4
612,1
613,3
614,3
615,0
616,1
617,3
618,3
619,0
621,2
623,1
624,1
627,1
628,1
629,2
630,3
631,1
632,1
633,3
634,3
635,1
636,2
637,2
638,3
639,0
640,2
642,3
643,0
644,1
645,2
646,4
647,0
648,2
649,3
650,4
651,0
653,2
656,2
657,3
658,4
659,1
660,1
661,2
663,0
664,2
665,3
666,4
667,1
668,1
669,2
670,4
671,0
673,3
674,4
675,0
677,2
678,4
679,0
680,2
682,4
684,2
685,2
686,4
687,0
688,1
689,3
690,4
692,2
693,2
694,4
695,0
697,3
698,4
699,0
700,2
702,3
703,0
704,1
707,0
708,1
709,3
711,0
713,3
714,4
715,0
716,1
717,3
718,4
719,0
720,1
721,3
722,4
723,0
724,1
725,3
726,4
727,0
728,1
729,3
731,0
732,1
733,2
734,4
735,0
737,2
738,4
739,0
740,1
741,2
744,1
745,3
748,1
749,3
750,4
753,2
754,4
757,2
758,4
759,0
760,1
761,3
762,4
765,2
766,4
767,0
768,1
769,3
770,4
771,0
772,1
773,2
774,4
775,0
776,2
777,3
778,4
779,0
780,2
781,2
782,4
784,1
785,3
786,4
788,1
789,2
790,4
791,0
792,2
793,3
795,0
796,1
797,2
798,4
801,3
802,4
803,0
804,1
806,4
809,3
813,3
814,4
815,0
816,2
817,2
818,4
819,0
820,2
821,2
822,4
823,0
824,1
825,3
826,4
827,1
829,3
830,4
831,1
832,1
835,1
836,2
837,3
838,4
839,1
840,1
841,3
843,1
844,2
845,3
846,4
847,1
848,1
849,3
850,4
851,0
852,1
853,2
854,4
855,0
856,1
857,3
858,4
859,0
860,1
861,2
862,3
863,0
866,3
867,0
868,1
869,3
870,3
871,0
872,1
873,2
874,3
875,0
876,1
877,3
878,3
880,1
882,3
883,1
884,1
885,3
886,3
887,1
888,1
889,2
890,3
891,1
892,1
894,3
895,0
896,1
897,2
898,4
899,0
900,2
901,3
902,4
903,0
904,2
905,2
906,4
908,1
909,3
910,4
911,1
912,2
913,2
914,4
915,0
916,2
917,3
918,4
919,1
920,1
921,2
922,4
923,0
924,2
925,3
927,0
928,1
929,2
930,4
931,0
933,3
934,4
935,0
936,1
937,2
938,4
939,0
940,2
941,2
942,4
943,0
944,2
945,2
946,4
947,0
948,1
949,3
950,4
951,0
952,2
953,2
954,3
955,0
956,2
958,4
959,0
961,3
962,3
963,0
965,3
966,3
967,0
968,1
970,4
971,0
972,1
973,2
974,4
975,0
976,1
978,4
979,0
980,1
981,3
983,0
984,1
985,2
986,4
987,0
988,1
989,3
990,4
991,0
992,1
993,2
995,0
997,3
998,4
999,0
1000,1
1001,2
1003,0
1004,1
1006,4
1007,0
1008,1
1009,3
1011,0
1012,2
1013,2
1014,4
1015,0
1016,1
1017,2
1019,0
1020,2
1021,3
1023,0
1024,2
1025,2
1026,4
1028,1
1029,3
1030,4
1031,0
1033,2
1035,0
1036,1
1037,3
1040,2
1041,2
1043,0
1045,3
1048,2
1050,4
1051,0
1052,1
1053,3
1054,4
1055,0
1058,4
1059,0
1060,1
1061,3
1062,4
1063,0
1064,2
1065,2
1066,4
1067,1
1068,2
1069,3
1070,4
1071,1
1072,1
1076,2
1077,2
1078,4
1080,1
1081,3
1082,4
1083,0
1085,3
1086,4
1087,0
1088,1
1089,2
1091,0
1093,2
1094,4
1095,0
1096,1
1098,4
1099,0
1100,1
1102,4
1104,1
1105,3
1106,4
1107,0
1109,2
1110,3
1111,0
1112,1
1113,2
1114,3
1115,1
1116,1
1117,3
1118,3
1120,2
1121,2
1122,3
1123,1
1124,2
1125,3
1126,3
1127,0
1128,1
1130,4
1131,0
1132,1
1133,3
1134,4
1135,0
1136,1
1137,2
1138,4
1139,0
1140,1
1141,3
1142,4
1143,1
1145,2
1146,4
1147,0
1148,1
1150,4
1151,1
1152,2
1154,3
1155,0
1156,1
1157,3
1159,0
1160,2
1162,4
1164,1
1165,3
1166,4
1167,0
1168,2
1169,2
1170,4
1171,0
1172,1
1173,3
1177,2
1178,4
1179,0
1180,1
1182,4
1184,2
1185,2
1186,4
1187,0
1189,3
1190,3
1191,0
1194,3
1196,2
1198,3
1200,1
1201,3
1202,3
1203,0
1204,0
1205,1
1206,2
1207,4
1208,0
1209,1
1210,2
1211,4
1213,1
1214,2
1216,0
1217,1
1218,2
1222,2
1224,0
1226,2
1227,4
1228,0
1229,1
1230,2
1231,4
1232,0
1233,1
1234,2
1236,0
1237,1
1238,3
1239,4
1240,0
1241,1
1243,4
1245,1
1246,3
1247,4
1248,0
1249,1
1250,2
1251,4
1252,0
1254,3
1255,4
1256,0
1257,1
1258,2
1259,4
1260,0
1262,3
1264,0
1265,1
1266,2
1267,4
1269,1
1270,2
1271,4
1273,1
1274,3
1275,4
1276,0
1277,1
1278,2
1279,4
1280,0
1281,1
1282,3
1283,4
1284,0
1285,1
1286,3
1287,4
1288,0
1289,1
1290,2
1291,4
1292,0
1293,1
1294,2
1295,4
1296,0
1298,2
1299,4
1300,0
1301,1
1302,2
1303,4
1304,0
1305,2
1306,2
1307,4
1308,0
1309,2
1310,2
1311,4
1312,0
1313,1
1314,2
1316,0
1317,2
1318,2
1319,3
1320,1
1322,2
1324,1
1325,2
1326,2
1327,3
1329,1
1331,3
1332,0
1333,1
1334,2
1336,0
1337,1
1338,3
1341,1
1342,2
1343,3
1344,0
1346,3
1347,3
1348,0
1349,1
1350,2
1351,4
1353,1
1355,4
1356,0
1358,2
1359,4
1361,1
1363,4
1364,0
1365,1
1366,2
1367,3
1368,0
1369,1
1372,0
1373,1
1376,0
1377,1
1378,3
1379,3
1380,0
1381,1
1382,2
1384,0
1386,3
1387,3
1388,0
1389,2
1390,2
1391,4
1392,0
1394,3
1395,4
1396,0
1398,2
1399,3
1401,1
1402,3
1403,3
1404,0
1408,0
1409,1
1413,2
1415,4
1416,0
1417,1
1418,2
1422,2
1423,4
1424,0
1427,4
1428,4
1429,2
1430,3
1431,4
1432,4
1434,3
1435,4
1436,4
1437,2
1438,3
1439,4
1440,4
1441,2
1442,3
1443,4
1444,4
1445,3
1447,4
1448,4
1449,3
1450,3
1451,4
1453,3
1455,4
1456,4
1457,3
1458,3
1459,4
1460,4
1461,3
1462,3
1463,4
1464,4
1465,2
1466,3
1467,4
1468,4
1469,3
1470,3
1472,4
1473,3
1474,3
1475,4
1476,4
1478,4
1479,4
1481,2
1482,3
1484,4
1486,3
1487,4
1489,2
1490,3
1491,4
1492,4
1493,2
1494,3
1495,4
1496,4
1497,3
1500,4
1502,3
1503,4
1505,3
1506,3
1508,4
1510,4
1511,4
1513,3
1515,4
1516,4
1517,2
1518,4
1519,0
1521,3
1522,4
1523,1
1524,2
1525,3
1526,4
1527,1
1528,3
1529,4
1530,4
1531,1
1532,2
1534,4
1537,3
1538,4
1539,1
1540,2
1541,3
1542,4
1543,0
1545,3
1546,4
1547,0
1548,2
1549,3
1551,0
1552,3
1555,1
1556,2
1560,1
1561,3
1563,0
1564,1
1565,3
1567,0
1568,1
1570,4
1571,0
1572,1
1573,3
1574,4
1576,1
1577,3
1579,0
1580,1
1581,3
1582,4
1583,0
1584,1
1585,3
1586,4
1587,0
1588,2
1589,2
1590,4
1591,0
1592,2
1594,4
1596,2
1597,3
1598,4
1599,0
1601,2
1602,4
1603,0
1604,2
1605,3
1607,0
1609,2
1610,4
1613,3
1614,4
1617,2
1619,0
1620,1
1621,3
1622,4
1624,2
1625,3
1626,4
1627,0
1628,1
1629,2
1631,0
1633,3
1634,4
1635,0
1636,1
1637,2
1638,4
1639,0
1640,1
1641,3
1642,4
1643,0
1644,2
1645,2
1646,4
1647,0
1648,1
1649,3
1650,4
1651,0
1653,2
1654,4
1655,0
1656,1
1657,3
1658,4
1659,0
1660,2
1661,2
1663,0
1664,1
1667,0
1668,2
1673,3
1674,4
1675,1
1676,2
1677,3
1678,4
1679,1
1680,1
1681,3
1682,4
1683,1
1684,2
1685,3
1686,4
1687,1
1688,1
1689,3
1690,4
1691,0
1692,1
1693,3
1694,4
1696,1
1697,3
1698,4
1699,0
1700,1
1701,3
1704,1
1705,3
1707,0
1708,1
1709,3
1710,4
1711,0
1712,1
1713,2
1714,4
1715,1
1716,1
1717,3
1718,4
1719,1
1722,3
1723,1
1724,2
1725,3
1727,1
1731,0
1732,1
1733,2
1734,3
1735,0
1736,2
1738,3
1739,0
1742,3
1743,0
1744,2
1745,3
1746,3
1747,0
1749,2
1750,3
1751,1
1752,2
1753,3
1754,4
1756,1
1757,2
1758,4
1759,1
1761,3
1762,4
1763,0
1764,1
1766,4
1767,1
1768,2
1769,3
1771,0
1772,2
1774,4
1775,0
1776,1
1777,2
1778,4
1779,0
1780,2
1781,3
1782,4
1783,0
1784,1
1785,2
1787,0
1788,2
1789,3
1790,4
1791,0
1792,1
1793,2
1794,4
1795,0
1796,2
1797,2
1798,4
1799,0
1800,1
1802,3
1804,2
1805,3
1806,4
1808,2
1809,3
1810,4
1811,0
1812,2
1813,3
1814,4
1815,0
1816,2
1818,4
1819,0
1821,3
1822,4
1823,0
1824,3
1826,4
1827,0
1828,2
1829,4
1830,4
1832,3
1833,3
1834,4
1836,2
1837,4
1838,4
1841,4
1842,4
1843,1
1845,4
1846,4
1847,0
1848,3
1849,3
1850,4
1851,0
1852,1
1853,3
1854,4
1855,1
1856,3
1857,4
1861,3
1863,1
1865,4
1866,4
1868,2
1871,1
1873,4
1874,0
1875,1
1877,4
1878,0
1880,3
1881,4
1884,3
1885,4
1886,0
1887,1
1889,4
1890,0
1891,1
1892,3
1895,1
1896,3
1897,4
1898,0
1899,1
1900,3
1901,4
1903,1
1904,3
1906,0
1907,2
1908,3
1909,4
1910,0
1911,2
1912,3
1913,4
1914,0
1915,1
1916,2
1917,4
1920,3
1921,4
1922,0
1923,2
1924,2
1925,4
1926,0
1927,1
1928,3
1929,4
1930,0
1931,1
1932,2
1933,4
1934,0
1935,2
1936,3
1937,4
1938,0
1939,1
1940,3
1942,0
1943,2
1944,2
1946,0
1947,1
1948,3
1949,4
1950,0
1952,2
1953,4
1954,0
1955,2
1956,3
1957,4
1958,0
1959,1
1960,2
1962,0
1964,3
1967,1
1968,2
1969,4
1970,0
1972,3
1974,0
1975,1
1976,2
1977,4
1979,2
1980,3
1981,4
1982,1
1983,1
1984,2
1985,4
1986,1
1987,2
1988,3
1989,4
1990,1
1991,1
1993,4
1994,1
1995,2
1996,3
1997,4
1998,1
1999,1
2000,3
2001,4
2002,1
2003,2
2005,4
2006,0
2007,1
2008,3
2009,4
2010,0
2011,2
2012,3
2013,4
2014,0
2015,1
2016,3
2017,4
2019,2
2021,4
2022,0
2023,1
2025,4
2026,0
2027,2
2028,3
2030,0
2031,1
2032,3
2033,3
2035,1
2036,2
2037,3
2038,1
2039,1
2040,3
2041,3
2042,1
2043,1
2044,2
2045,3
2046,1
2047,2
2048,3
2049,3
2050,1
2051,1
2052,2
2053,4
2054,0
2055,2
2056,3
2058,0
2059,2
2060,2
2061,4
2062,0
2064,3
2065,4
2066,0
2067,2
2068,3
2069,4
2070,0
2071,1
2072,2
2073,4
2074,1
2075,2
2076,3
2078,0
2079,1
2080,2
2081,4
2082,0
2083,2
2084,3
2085,4
2086,0
2088,2
2089,4
2090,1
2091,1
2092,3
2093,4
2095,2
2096,3
2097,4
2099,1
2100,3
2101,4
2102,0
2104,2
2105,4
2106,0
2107,1
2108,2
2109,4
2111,2
2112,2
2113,4
2114,0
2115,1
2116,2
2119,2
2120,3
2121,3
2122,0
2123,1
2125,4
2126,4
2127,1
2128,3
2129,4
2130,4
2132,3
2133,4
2134,4
2135,1
2136,3
2137,4
2138,4
2139,2
2140,3
2141,4
2142,4
2143,2
2144,3
2145,4
2146,4
2147,2
2148,3
2149,4
2150,4
2151,2
2152,3
2153,3
2155,2
2156,3
2157,4
2158,4
2159,3
2160,3
2161,3
2162,4
2164,3
2165,3
2167,2
2168,3
2169,4
2170,4
2171,3
2172,3
2174,4
2175,1
2176,3
2177,3
2178,4
2179,2
2180,3
2182,4
2183,2
2184,3
2186,4
2187,2
2188,3
2189,4
2190,4
2191,2
2192,3
2193,4
2194,4
2195,2
2196,3
2198,4
2200,3
2201,4
2202,4
2203,2
2204,3
2205,4
2206,4
2207,2
2208,3
2209,3
2211,3
2212,3
2213,4
2214,4
2216,3
2217,4
2218,4
2219,0
2220,1
2221,3
2222,4
2223,0
2224,1
2225,3
2226,4
2227,0
2228,1
2229,3
2230,4
2231,0
2234,4
2235,0
2236,1
2237,3
2238,4
2240,1
2241,3
2242,4
2243,0
2244,1
2245,3
2246,4
2247,0
2248,1
2249,3
2250,4
2251,0
2252,1
2253,2
2255,0
2256,2
2257,3
2258,4
2259,0
2260,1
2261,3
2262,4
2264,2
2265,2
2266,4
2267,0
2269,2
2270,4
2274,4
2277,2
2278,4
2279,0
2280,2
2281,3
2282,4
2285,2
2286,4
2289,3
2290,4
2291,0
2292,2
2293,3
2294,4
2295,0
2296,2
2297,2
2299,0
2300,1
2301,3
2302,4
2303,0
2305,2
2306,4
2307,0
2308,2
2309,3
2311,0
2312,1
2314,4
2315,0
2316,2
2317,3
2318,4
2319,0
2320,1
2321,2
2322,4
2324,2
2325,3
2326,4
2327,0
2328,1
2329,2
2330,4
2331,0
2332,2
2334,4
2335,1
2336,1
2340,2
2341,3
2342,4
2343,1
2345,3
2348,2
2349,3
2350,4
2352,1
2353,3
2354,4
2355,1
2356,1
2358,4
2359,1
2360,1
2361,3
2362,4
2363,0
2365,3
2367,0
2368,1
2369,3
2371,0
2372,1
2373,3
2374,3
2375,0
2376,1
2377,2
2378,3
2379,0
2380,1
2381,3
2382,3
2383,0
2384,1
2385,2
2386,3
2387,0
2388,2
2390,3
2391,0
2392,2
2393,3
2394,3
2395,1
2396,1
2397,2
2398,3
2400,2
2401,3
2402,3
2403,1
2405,2
2407,1
2408,2
2409,3
2411,0
2412,1
2413,2
2416,1
2418,4
2419,0
2420,2
2421,2
2422,4
2423,0
2424,1
2425,3
2426,4
2427,0
2428,2
2429,2
2430,4
2431,0
2433,2
2434,4
2435,0
2436,2
2437,2
2438,4
2439,0
2442,4
2443,0
2444,2
2445,2
2447,0
2448,1
2449,3
2450,4
2451,0
2452,2
2454,4
2455,0
2456,1
2458,3
2459,0
2460,1
2461,3
2463,0
2466,3
2467,0
2468,4
2469,0
2470,1
2472,4
2474,1
2475,2
2478,1
2479,2
2480,4
2482,1
2485,0
2487,2
2489,0
2490,1
2491,2
2492,4
2493,0
2494,1
2495,3
2496,4
2497,0
2500,4
2501,0
2502,1
2503,3
2504,4
2505,0
2506,1
2507,2
2508,4
2509,0
2511,3
2512,4
2514,1
2515,2
2518,1
2519,3
2520,4
2522,1
2523,2
2524,4
2525,0
2526,1
2527,3
2528,4
2529,0
2530,1
2532,4
2533,0
2534,1
2535,3
2536,4
2537,0
2538,1
2539,2
2540,4
2541,0
2543,2
2544,4
2545,0
2546,1
2547,3
2548,4
2549,0
2551,2
2552,4
2553,0
2554,2
2555,3
2556,4
2557,0
2558,2
2559,2
2560,4
2561,0
2562,1
2563,2
2564,4
2565,0
2566,2
2567,2
2568,4
2573,0
2575,2
2580,4
2581,0
2582,2
2583,2
2584,4
2585,1
2587,3
2588,4
2589,1
2590,1
2591,2
2592,4
2593,0
2595,3
2597,0
2599,2
2600,3
2601,0
2602,1
2604,3
2605,0
2606,1
2607,2
2608,3
2609,0
2610,1
2611,3
2612,3
2613,0
2614,1
2616,3
2617,0
2620,3
2621,0
2623,2
2624,3
2625,1
2626,1
2627,3
2628,3
2630,1
2631,2
2632,3
2634,1
2635,3
2636,3
2637,0
2638,1
2639,2
2640,3
2642,1
2643,3
2644,3
2645,0
2647,2
2648,4
2649,0
2651,3
2652,4
2653,0
2654,2
2655,2
2657,0
2658,1
2659,3
2660,3
2661,0
2662,2
2663,2
2665,0
2666,1
2667,3
2668,4
2670,2
2671,2
2672,3
2673,0
2674,1
2675,3
2679,2
2681,0
2682,2
2684,3
2685,0
2686,2
2688,3
2690,1
2691,3
2692,3
2693,0
2694,2
2695,3
2696,4
2699,3
2700,4
2701,1
2702,2
2703,3
2705,1
2706,2
2707,3
2708,4
2709,2
2710,2
2711,3
2712,4
2713,2
2714,2
2715,3
2716,4
2717,0
2719,3
2720,4
2721,1
2723,3
2724,4
2725,1
2726,2
2727,3
2729,1
2730,2
2731,3
2733,2
2734,3
2735,3
2736,4
2737,2
2738,2
2739,4
2740,4
2742,3
2743,3
2744,4
2745,2
2747,3
2748,4
2749,0
2750,1
2751,3
2752,4
2755,3
2756,4
2757,0
2758,1
2759,3
2760,4
2761,0
2762,1
2764,4
2765,0
2766,1
2767,3
2768,4
2769,0
2771,3
2772,4
2773,0
2774,1
2775,3
2777,0
2778,1
2779,3
2780,4
2781,0
2782,1
2783,2
2784,4
2785,0
2786,1
2787,2
2788,4
2789,0
2790,2
2791,3
2792,4
2793,0
2794,2
2796,4
2797,0
2798,2
2799,2
2800,4
2803,2
2804,4
2806,2
2807,3
2808,4
2809,0
2810,1
2811,2
2812,4
2813,0
2814,1
2816,4
2817,0
2818,2
2819,2
2822,1
2823,3
2824,4
2825,0
2826,2
2828,4
2829,0
2830,1
2831,2
2832,4
2834,2
2835,3
2837,0
2838,1
2839,2
2841,0
2842,2
2844,4
2845,0
2846,1
2848,4
2849,0
2850,1
2851,3
2852,4
2853,0
2854,2
2856,4
2861,0
2863,2
2864,4
2865,1
2866,1
2867,3
2869,1
2870,2
2871,2
2872,4
2873,1
2874,1
2875,3
2876,4
2877,1
2878,2
2879,2
2880,4
2884,4
2885,1
2886,2
2887,3
2888,4
2889,0
2891,3
2892,4
2894,2
2895,3
2896,4
2897,0
2898,1
2900,4
2901,0
2903,3
2904,4
2905,0
2907,2
2909,0
2910,1
2911,3
2912,3
2913,0
2914,1
2915,2
2919,3
2920,3
2923,2
2924,3
2927,3
2928,3
2929,1
2930,1
2931,2
2933,1
2934,2
2935,3
2936,3
2937,0
2938,2
2939,3
2940,3
2941,0
2945,0
2946,2
2947,3
2948,4
2950,1
2951,2
2952,4
2953,0
2954,2
2955,2
2956,4
2958,1
2959,2
2960,4
2961,0
2962,2
2964,4
2965,1
2967,2
2968,4
2969,0
2970,2
2971,3
2972,4
2973,0
2974,1
2975,2
2976,4
2977,0
2978,2
2979,3
2980,4
2981,0
2982,2
2983,2
2984,4
2985,0
2987,3
2988,4
2989,0
2990,2
2993,0
2994,1
2995,2
2998,2
2999,3
3000,3
3001,0
3002,1
3004,4
3005,0
3009,3
3010,4
3011,1
3012,2
3013,3
3014,4
3015,0
3016,2
3017,3
3019,1
3020,2
3021,3
3022,3
3023,0
3025,3
3026,3
3027,2
3028,2
3029,3
3030,3
3031,2
3033,3
3035,2
3036,3
3037,0
3038,1
3040,4
3041,0
3042,1
3044,4
3045,0
3046,1
3048,4
3049,0
3051,2
3052,4
3054,1
3055,2
3056,4
3057,0
3058,1
3059,2
3060,4
3061,0
3062,1
3063,2
3064,4
3066,1
3067,2
3068,4
3069,0
3070,1
3071,3
3072,4
3073,0
3077,0
3079,3
3080,4
3081,0
3083,2
3084,4
3086,1
3087,3
3088,4
3090,1
3091,2
3092,4
3093,0
3094,1
3095,3
3097,0
3099,2
3100,4
3102,1
3103,3
3104,4
3105,0
3106,1
3108,4
3109,0
3110,2
3111,2
3112,4
3113,0
3115,3
3116,4
3117,0
3118,1
3120,4
3122,1
3123,3
3124,4
3125,0
3126,1
3129,0
3132,4
3133,0
3134,2
3136,4
3137,0
3138,1
3139,2
3140,4
3141,0
3142,2
3143,2
3144,4
3145,0
3146,1
3147,2
3148,4
3150,2
3151,2
3152,4
3153,1
3154,1
3155,3
3156,4
3157,1
3159,2
3160,4
3161,0
3162,2
3163,3
3165,0
3167,3
3168,3
3169,0
3170,1
3171,2
3172,3
3173,0
3174,1
3175,3
3176,3
3177,0
3178,1
3179,2
3180,3
3182,2
3183,3
3184,3
3185,0
3186,2
3188,3
3189,0
3190,2
3191,3
3192,3
3193,1
3195,2
3196,3
3197,1
3198,1
3199,3
3200,3
3201,0
3202,1
3203,2
3205,0
3206,1
3207,2
3209,0
3211,3
3212,4
3215,2
3216,4
3218,1
3219,3
3221,1
3222,1
3223,2
3224,3
3225,0
3226,1
3227,3
3228,3
3229,0
3230,1
3232,3
3233,0
3234,1
3235,3
3236,3
3238,2
3239,2
3241,0
3242,1
3243,3
3245,0
3246,2
3247,2
3248,3
3249,0
3251,3
3252,4
3253,0
3255,2
3256,4
3257,0
3259,2
3260,3
3261,0
3262,1
3264,4
3266,3
3267,0
3268,1
3270,4
3271,0
3272,1
3273,3
3274,4
3275,0
3276,1
3277,3
3278,4
3279,0
3280,1
3281,2
3282,4
3283,0
3284,1
3287,0
3289,3
3291,0
3292,1
3293,2
3294,4
3299,0
3300,1
3301,2
3302,4
3303,0
3304,1
3305,2
3306,4
3307,0
3309,3
3310,4
3313,2
3314,4
3318,4
3319,0
3320,2
3322,4
3324,1
3325,2
3327,0
3328,2
3329,3
3330,4
3331,0
3333,2
3335,0
3336,1
3337,3
3338,4
3339,0
3342,4
3343,0
3344,2
3345,3
3346,4
3348,1
3351,0
3352,2
3353,3
3354,4
3355,0
3356,1
3357,2
3359,0
3363,0
3364,2
3365,3
3366,4
3367,0
3368,2
3369,3
3370,4
3371,0
3372,1
3373,3
3374,4
3376,2
3377,3
3378,4
3380,2
3383,1
3384,2
3385,3
3387,0
3388,1
3389,2
3390,4
3391,0
3394,4
3396,1
3397,2
3398,3
3399,0
3400,2
3401,3
3402,3
3404,1
3405,2
3407,0
3410,3
3411,0
3412,1
3413,2
3414,3
3415,1
3416,1
3417,3
3419,1
3420,1
3421,2
3423,1
3424,1
3425,3
3427,0
3428,1
3429,2
3430,3
3431,0
3432,1
3433,3
3434,3
3435,0
3436,2
3438,3
3439,0
3440,1
3441,3
3442,4
3444,2
3445,2
3446,4
3447,0
3448,1
3449,3
3451,1
3452,2
3453,2
3455,0
3456,2
3457,3
3458,4
3459,0
3460,1
3461,2
3462,4
3464,2
3465,3
3466,4
3468,1
3469,2
3471,0
3472,2
3474,4
3476,1
3477,2
3478,4
3479,0
3480,2
3482,4
3483,0
3484,1
3485,2
3486,4
3488,2
3489,3
3490,3
3491,0
3493,2
3495,0
3496,1
3497,3
3498,3
3499,0
3500,2
3501,3
3502,4
3503,0
3504,2
3506,4
3507,0
3508,1
3509,3
3510,4
3511,0
3512,1
3513,3
3514,4
3515,0
3516,2
3517,3
3518,4
3521,3
3522,4
3523,0
3524,1
3525,3
3526,4
3530,4
3531,0
3532,2
3533,3
3534,4
3535,0
3536,1
3537,3
3538,4
3539,0
3540,2
3541,2
3542,4
3543,0
3544,2
3546,4
3547,0
3548,1
3549,2
3551,0
3552,2
3553,3
3555,0
3556,2
3557,2
3559,0
3560,1
3561,3
3562,4
3563,0
3564,2
3565,2
3566,4
3567,0
3568,1
3569,3
3570,4
3571,0
3572,1
3574,4
3576,2
3577,3
3579,0
3581,3
3582,4
3583,0
3584,2
3585,2
3586,4
3587,1
3588,1
3589,2
3590,4
3591,1
3593,3
3594,4
3595,1
3596,1
3597,2
3598,4
3599,1
3600,2
3601,3
3602,4
3603,1
3604,1
3605,2
3607,1
3608,2
3609,3
3610,4
3611,1
3612,1
3614,4
3617,3
3618,4
3619,1
3620,1
3621,3
3623,1
3624,2
3625,3
3626,4
3627,0
3629,3
3631,0
3632,1
3633,3
3634,4
3635,0
3636,2
3637,3
3638,4
3640,1
3642,4
3643,0
3644,2
3645,3
3646,4
3647,0
3648,1
3650,4
3651,0
3652,2
3653,3
3654,4
3655,0
3657,3
3659,1
3662,3
3663,1
3664,1
3665,3
3666,3
3667,1
3668,1
3669,3
3670,3
3672,2
3673,2
3674,3
3675,0
3676,1
3677,3
3678,4
3679,0
3680,2
3681,3
3682,4
3683,0
3684,1
3685,2
3686,4
3687,0
3688,1
3690,4
3691,1
3692,2
3693,3
3694,4
3695,0
3696,1
3697,2
3698,4
3699,1
3700,2
3701,3
3702,4
3704,1
3705,2
3706,4
3708,2
3709,3
3710,4
3712,2
3713,2
3714,4
3716,2
3717,3
3718,4
3719,0
3720,2
3721,2
3723,0
3724,3
3725,1
3726,4
3727,4
3728,4
3729,2
3730,3
3731,4
3732,4
3733,3
3734,4
3735,4
3736,4
3737,2
3738,3
3741,3
3742,4
3743,4
3744,0
3745,3
3746,4
3747,4
3748,0
3749,3
3751,4
3752,0
3753,2
3754,4
3756,1
3758,4
3759,4
3760,1
3762,4
3763,4
3764,1
3765,2
3766,3
3769,3
3772,1
3774,3
3775,4
3776,1
3777,2
3778,4
3779,4
3780,2
3781,3
3782,3
3783,4
3784,0
3787,4
3788,0
3790,3
3791,4
3793,2
3795,4
3796,0
3797,3
3798,4
3799,4
3800,1
3801,2
3802,4
3804,1
3805,3
3806,4
3807,4
3808,1
3809,2
3810,4
3811,4
3812,1
3813,3
3814,4
3816,1
3818,4
3819,4
3820,1
3821,3
3822,3
3823,4
3824,2
3825,2
3826,4
3827,1
3828,4
3829,4
3831,2
3832,4
3833,4
3835,3
3837,4
3838,4
3839,3
3840,4
3841,4
3842,4
3843,3
3844,4
3845,4
3846,4
3847,3
3848,4
3849,4
3850,4
3851,3
3853,4
3854,4
3855,1
3856,4
3857,4
3858,4
3860,2
3861,3
3862,4
3863,0
3864,2
3865,3
3866,4
3868,2
3869,3
3871,0
3872,2
3873,3
3874,4
3876,1
3879,0
3880,2
3881,3
3882,4
3883,0
3884,1
3886,4
3887,0
3888,2
3889,3
3890,4
3893,3
3894,4
3895,0
3896,1
3897,3
3898,4
3899,0
3900,2
3902,4
3906,4
3907,0
3908,2
3910,4
3911,0
3912,1
3913,3
3914,4
3916,2
3917,2
3918,4
3919,0
3920,1
3923,0
3924,2
3925,3
3926,4
3928,1
3929,2
3930,4
3931,1
3932,2
3933,3
3934,4
3936,1
3937,2
3939,1
3940,1
3941,3
3942,4
3943,1
3944,2
3949,2
3950,4
3951,1
3952,1
3953,3
3955,1
3956,1
3957,2
3958,4
3959,1
3960,1
3961,3
3962,4
3963,1
3965,2
3966,4
3967,1
3968,2
3969,3
3972,1
3973,3
3974,4
3975,1
3976,2
3977,3
3979,0
3980,1
3981,3
3983,0
3984,2
3986,3
3987,0
3988,1
3990,3
3991,0
3992,2
3993,3
3994,3
3997,3
3998,3
3999,0
4000,2
4002,4
4004,2
4005,2
4006,4
4007,1
4008,1
4009,3
4010,4
4011,0
4013,2
4014,4
4015,0
4016,1
4018,4
4019,0
4021,2
4023,0
4024,1
4025,3
4026,3
4027,0
4029,2
4030,4
4031,0
4032,1
4033,2
4035,0
4036,2
4037,3
4038,4
4040,1
4041,3
4042,4
4043,0
4044,2
4045,3
4047,0
4049,3
4050,4
4051,1
4052,2
4053,3
4054,4
4055,1
4057,3
4058,3
4059,1
4061,3
4062,0
4064,3
4065,4
4066,0
4067,1
4068,3
4069,4
4070,0
4071,1
4073,4
4075,1
4076,3
4077,4
4078,0
4079,1
4080,3
4082,0
4083,1
4084,3
4085,4
4086,0
4087,1
4089,4
4090,0
4093,4
4094,0
4095,2
4097,4
4100,3
4101,4
4103,2
4105,4
4106,0
4107,1
4108,3
4109,4
4111,2
4112,2
4113,4
4114,0
4115,1
4116,3
4117,4
4118,0
4119,1
4120,3
4121,4
4122,0
4123,2
4124,2
4125,4
4126,0
4128,3
4129,4
4130,0
4131,2
4132,3
4133,4
4134,0
4135,1
4136,2
4137,4
4138,0
4139,2
4140,3
4142,0
4143,2
4144,2
4145,4
4146,0
4148,3
4150,0
4151,2
4153,4
4155,1
4156,3
4158,0
4159,1
4160,2
4161,4
4162,0
4163,2
4164,3
4165,4
4167,2
4168,2
4169,4
4170,0
4171,1
4172,3
4173,4
4174,0
4175,2
4176,2
4177,4
4178,1
4179,1
4181,4
4182,1
4185,4
4186,1
4187,1
4188,3
4191,2
4192,3
4193,4
4194,1
4195,1
4196,3
4197,4
4198,1
4199,2
4200,3
4201,4
4202,1
4203,1
4204,3
4205,4
4206,0
4208,3
4209,4
4210,0
4211,1
4212,3
4213,4
4214,0
4217,4
4218,0
4219,1
4221,4
4223,1
4225,4
4226,0
4227,1
4228,3
4229,4
4230,0
4232,2
4234,0
4236,2
4237,3
4238,1
4239,1
4241,3
4242,1
4243,1
4244,3
4245,3
4246,1
4248,2
4249,3
4250,1
4252,3
4253,3
4254,0
4255,1
4256,2
4257,3
4258,0
4259,2
4260,3
4261,3
4262,0
4263,1
4265,3
4266,0
4267,2
4268,2
4269,4
4273,4
4274,1
4275,2
4276,2
4277,4
4278,0
4279,1
4280,3
4281,4
4282,1
4283,2
4284,2
4285,4
4286,0
4288,3
4289,4
4291,2
4292,2
4293,4
4295,2
4297,4
4298,0
4299,1
4300,3
4301,4
4302,0
4303,2
4304,2
4305,4
4307,1
4308,3
4309,4
4310,0
4311,1
4312,3
4313,4
4314,0
4316,3
4317,3
4318,1
4319,2
4320,3
4321,4
4322,0
4323,2
4324,3
4325,3
4327,4
4328,0
4329,1
4330,2
4331,4
4333,1
4336,0
4337,1
4338,2
4339,4
4340,0
4341,1
4342,2
4343,4
4344,0
4345,1
4346,2
4347,4
4348,0
4352,0
4354,2
4355,4
4356,0
4358,2
4359,4
4360,0
4361,1
4362,3
4363,4
4364,0
4366,2
4368,0
4369,1
4370,3
4371,4
4372,0
4373,1
4374,2
4376,0
4378,3
4379,4
4380,0
4382,2
4383,4
4384,0
4385,1
4386,3
4388,0
4389,1
4390,2
4391,4
4392,0
4394,3
4395,4
4396,0
4399,4
4400,0
4401,1
4402,2
4403,4
4404,0
4405,1
4406,3
4407,4
4408,0
4409,1
4411,4
4412,0
4413,1
4414,2
4415,4
4416,0
4417,1
4418,3
4419,4
4422,2
4423,4
4424,0
4425,1
4426,3
4428,0
4429,2
4430,2
4431,4
4432,0
4433,2
4434,2
4435,4
4436,0
4438,2
4439,3
4440,0
4442,2
4444,1
4445,1
4446,3
4447,3
4448,0
4449,1
4450,2
4451,3
4452,0
4454,2
4455,3
4456,0
4457,1
4459,3
4460,0
4461,1
4462,2
4463,3
4464,0
4465,1
4468,0
4469,1
4470,2
4471,3
4473,1
4474,3
4476,1
4478,2
4479,4
4480,0
4482,3
4484,0
4485,1
4486,2
4487,4
4488,0
4489,1
4490,3
4491,4
4492,0
4493,1
4494,2
4495,3
4496,0
4497,1
4499,3
4500,0
4501,2
4502,2
4503,3
4504,0
4505,1
4506,3
4507,3
4508,0
4509,2
4510,2
4511,4
4512,0
4514,3
4515,4
4516,0
4517,2
4518,2
4519,4
4520,0
4521,1
4522,3
4523,4
4524,0
4525,2
4527,3
4528,0
4529,1
4530,2
4532,0
4533,2
4534,3
4536,0
4538,2
4540,0
4542,3
4543,3
4544,0
4545,2
4546,3
4547,0
4548,3
4549,3
4550,4
4551,0
4555,0
4556,3
4558,4
4560,3
4561,3
4562,4
4564,3
4565,3
4566,4
4567,1
4568,2
4569,3
4570,4
4571,1
4572,2
4573,3
4575,1
4576,3
4577,4
4578,4
4579,1
4580,2
4581,3
4583,1
4584,3
4585,3
4586,4
4587,1
4588,3
4589,4
4590,4
4591,1
4592,2
4593,3
4594,4
4595,1
4596,2
4597,4
4598,4
4599,2
4600,3
4601,4
4602,4
4603,2
4604,2
4605,3
4606,4
4607,1
4608,3
4609,4
4611,1
4612,2
4613,3
4615,0
4616,3
4618,4
4619,1
4620,3
4621,4
4624,2
4625,3
4627,1
4628,3
4629,4
4630,4
4632,3
4633,3
4634,4
4635,1
4636,2
4637,4
4638,4
4639,2
4640,3
4641,4
4642,4
4643,2
4644,3
4645,4
4646,4
4647,2
4648,3
4649,3
4650,4
4651,2
4652,3
4654,4
4656,3
4657,4
4658,4
4659,2
4660,2
4662,4
4663,2
4665,4
4666,4
4668,3
4669,3
4670,4
4671,2
4672,2
4673,4
4674,4
4675,2
4677,3
4678,4
4681,3
4682,4
4683,2
4684,3
4685,4
4687,2
4688,2
4689,4
4691,2
4693,3
4694,4
4696,2
4698,4
4699,1
4701,3
4702,4
4704,0
4706,2
4707,4
4708,0
4709,1
4710,3
4711,4
4712,0
4714,2
4717,1
4718,2
4719,4
4720,0
4721,1
4722,3
4723,4
4724,0
4725,1
4727,4
4728,0
4729,1
4730,3
4733,1
4735,4
4736,0
4737,1
4738,3
4740,0
4741,1
4742,2
4743,4
4744,0
4745,1
4746,3
4748,0
4749,1
4750,2
4751,4
4752,0
4754,3
4755,4
4756,0
4757,1
4759,4
4760,0
4761,1
4763,4
4764,0
4766,2
4767,4
4768,0
4769,1
4770,3
4771,4
4772,0
4773,2
4775,4
4776,0
4777,1
4778,3
4779,4
4780,0
4781,2
4782,2
4783,4
4784,0
4785,1
4786,3
4787,4
4788,0
4789,2
4790,3
4791,4
4792,0
4793,1
4794,3
4795,4
4796,1
4797,2
4798,3
4799,4
4800,1
4802,2
4803,4
4804,1
4805,2
4806,2
4807,4
4808,0
4809,1
4810,3
4811,4
4813,1
4816,0
4817,2
4818,3
4819,4
4820,0
4821,1
4822,2
4823,4
4824,0
4825,2
4826,3
4827,3
4828,0
4829,1
4830,2
4831,3
4833,1
4835,3
4837,1
4838,2
4839,3
4840,1
4841,1
4842,3
4843,3
4844,0
4845,2
4846,2
4847,3
4848,0
4849,1
4851,3
4853,2
4854,2
4855,3
4856,0
4857,1
4858,2
4859,3
4860,0
4861,1
4863,3
4864,0
4865,1
4866,2
4867,3
4868,0
4869,1
4870,3
4871,3
4872,1
4873,2
4875,4
4876,0
4877,1
4878,3
4879,4
4880,0
4881,1
4882,2
4883,4
4884,0
4885,1
4886,3
4887,4
4889,1
4890,2
4891,3
4892,0
4893,1
4894,3
4895,4
4896,0
4898,2
4900,0
4901,1
4902,3
4903,4
4905,2
4906,2
4908,0
4909,1
4910,3
4911,4
4916,0
4917,1
4918,2
4919,4
4920,0
4922,3
4923,3
4924,0
4925,1
4926,3
4927,3
4928,0
4929,2
4930,4
4931,0
4933,3
4934,4
4935,0
4937,3
4938,4
4939,0
4940,1
4941,3
4942,4
4943,0
4944,1
4945,3
4946,4
4947,0
4948,2
4949,3
4951,0
4952,2
4953,3
4954,4
4955,0
4957,2
4958,4
4959,0
4961,2
4962,4
4964,1
4965,3
4966,4
4967,0
4968,1
4969,2
4971,0
4972,2
4973,3
4975,0
4976,1
4977,3
4978,4
4979,0
4980,2
4981,2
4983,0
4984,1
4985,3
4986,4
4987,0
4988,2
4990,4
4992,2
4993,3
4994,4
4995,0
4996,1
4997,2
4999,0
5000,2
5001,3
5003,0
5004,1
5005,2
5006,4
5009,3
5010,4
5011,0
5012,1
5014,4
5016,2
5017,3
5019,1
5020,1
5021,2
5022,4
5024,2
5025,3
5027,1
5028,1
5029,3
5031,1
5032,2
5033,3
5034,4
5035,1
5036,1
5037,3
5038,3
5039,1
5041,2
5042,3
5043,0
5044,1
5046,3
5047,1
5048,1
5049,2
5050,4
5051,1
5052,1
5053,3
5054,4
5055,1
5056,1
5057,2
5059,0
5060,2
5061,2
5063,1
5066,4
5067,0
5068,2
5069,2
5070,4
5071,0
5073,3
5075,0
5076,2
5077,2
5078,4
5079,0
5080,1
5081,3
5083,0
5084,2
5086,4
5088,1
5089,3
5090,4
5091,0
5092,1
5093,3
5094,4
5096,2
5097,3
5098,4
5099,1
5101,3
5102,4
5103,1
5104,2
5106,4
5107,0
5109,2
5110,4
5111,0
5115,3
5116,4
5117,0
5118,2
5119,3
5120,4
5121,0
5122,2
5123,3
5124,4
5126,2
5127,3
5129,0
5130,2
5131,3
5132,4
5133,0
5134,2
5136,4
5137,1
5138,2
5139,3
5140,4
5141,1
5142,2
5143,3
5145,1
5146,2
5147,3
5148,4
5150,2
5154,2
5155,3
5156,4
5157,1
5158,3
5159,3
5160,4
5161,1
5162,3
5163,3
5164,4
5166,2
5169,1
5170,3
5172,4
5173,1
5174,2
5175,3
5177,1
5178,2
5179,3
5180,4
5181,1
5182,2
5183,3
5184,4
5185,1
5186,2
5187,3
5188,4
5189,1
5190,2
5191,3
5192,4
5193,1
5194,2
5195,3
5196,4
5197,1
5198,2
5199,3
5200,4
5201,1
5202,2
5203,3
5204,4
5205,1
5206,2
5207,4
5208,4
5210,2
5211,4
5212,4
5213,1
5215,4
5216,4
5217,1
5218,2
5219,4
5220,4
5222,2
5223,3
5224,4
5225,0
5226,2
5228,4
5229,1
5230,2
5231,3
5232,4
5233,1
5234,2
5235,4
5236,4
5237,1
5238,2
5239,3
5240,4
5241,1
5242,2
5243,3
5244,4
5245,1
5246,2
5248,4
5249,0
5250,2
5252,4
5254,2
5256,4
5257,1
5258,2
5259,4
5260,4
5261,1
5262,2
5263,3
5264,4
5265,0
5266,2
5267,3
5268,4
5269,1
5270,2
5272,4
5273,0
5274,2
5275,3
5276,4
5277,1
5279,3
5280,4
5282,2
5283,3
5284,4
5285,1
5286,3
5287,3
5288,4
5289,0
5290,2
5291,3
5292,4
5293,1
5294,2
5296,4
5297,0
5298,2
5299,3
5301,2
5303,3
5305,0
5306,3
5307,3
5308,4
5309,0
5311,3
5312,4
5313,0
5314,2
5315,3
5316,4
5318,2
5319,3
5320,4
5322,2
5323,3
5324,4
5325,1
5326,2
5327,3
5328,4
5329,1
5330,2
5331,3
5332,4
5333,1
5334,2
5335,3
5336,4
5337,1
5338,3
5339,3
5340,4
5341,1
5342,2
5343,3
5344,4
5345,1
5346,3
5347,3
5348,4
5349,1
5350,2
5352,4
5353,1
5355,3
5356,4
5357,1
5358,2
5360,4
5361,1
5362,3
5363,3
5364,4
5365,1
5366,2
5367,3
5368,4
5370,3
5371,3
5373,1
5374,2
5376,4
5377,1
5378,3
5379,3
5380,4
5382,2
5384,4
5386,2
5387,4
5388,4
5389,2
5390,2
5391,3
5392,4
5393,2
5394,2
5395,4
5396,4
5398,2
5399,3
5400,4
5401,2
5403,4
5404,4
5405,2
5406,2
5408,4
5409,2
5410,2
5411,4
5412,4
5413,1
5415,3
5416,4
5417,1
5419,3
5420,4
5421,0
5422,3
5423,3
5424,4
5425,1
5426,2
5427,3
5428,4
5429,1
5430,3
5431,3
5434,2
5435,3
5436,4
5437,1
5438,3
5439,3
5440,4
5442,2
5443,3
5445,1
5446,3
5447,3
5448,4
5449,1
5450,2
5452,4
5453,1
5454,3
5455,4
5456,4
5457,1
5461,1
5463,4
5464,4
5465,2
5466,2
5467,4
5468,4
5469,2
5470,3
5471,3
5472,4
5475,3
5476,4
5477,2
5478,3
5479,4
5481,2
5484,4
5485,2
5486,3
5489,2
5491,4
5492,4
5494,3
5496,0
5497,2
5499,4
5500,0
5502,3
5503,4
5504,0
5507,4
5508,0
5509,2
5510,3
5511,4
5512,0
5513,2
5515,4
5516,0
5517,1
5518,3
5520,0
5521,2
5522,3
5524,0
5525,1
5526,3
5527,4
5528,1
5530,3
5532,1
5534,3
5535,4
5536,1
5537,1
5538,3
5539,4
5540,1
5541,2
5542,3
5543,4
5544,1
5545,2
5546,3
5552,1
5553,2
5554,3
5555,4
5556,1
5557,2
5558,2
5559,4
5560,1
5561,2
5562,3
5563,4
5564,1
5565,2
5567,4
5568,0
5569,2
5570,3
5572,0
5573,2
5574,3
5575,4
5577,2
5578,3
5580,0
5581,2
5582,3
5583,4
5584,1
5585,2
5588,1
5589,2
5590,3
5591,4
5592,1
5593,2
5594,3
5595,4
5596,1
5597,2
5598,3
5599,4
5600,0
5601,2
5604,0
5606,3
5610,3
5611,4
5612,0
5615,4
5616,0
5617,2
5618,3
5619,4
5622,3
5623,4
5624,0
5625,1
5626,2
5627,4
5628,1
5629,2
5630,2
5631,4
5632,1
5633,1
5634,3
5635,4
5636,1
5637,2
5638,2
5639,4
5640,1
5641,1
5643,4
5644,1
5645,0
5646,1
5647,3
5648,4
5649,0
5650,1
5651,3
5652,4
5653,0
5654,1
5655,3
5656,4
5657,0
5658,1
5659,3
5660,4
5662,1
5663,3
5664,4
5665,0
5666,2
5667,2
5668,4
5669,0
5671,3
5672,4
5673,0
5675,2
5676,4
5678,1
5681,0
5682,2
5683,2
5685,0
5686,1
5687,3
5688,4
5690,2
5691,3
5694,1
5695,2
5696,4
5698,2
5699,2
5700,4
5701,0
5702,1
5703,3
5704,4
5706,2
5708,4
5710,1
5711,3
5712,4
5713,0
5714,2
5715,2
5717,0
5718,2
5719,3
5721,1
5722,1
5723,2
5726,2
5727,3
5728,4
5729,1
5730,1
5731,2
5732,4
5733,1
5734,1
5735,3
5736,4
5738,2
5739,2
5740,4
5742,2
5743,3
5745,0
5746,1
5747,2
5748,4
5749,0
5750,2
5751,3
5752,4
5753,0
5754,1
5755,2
5756,4
5757,1
5758,2
5759,3
5761,1
5762,1
5763,2
5764,4
5765,0
5766,2
5767,3
5768,4
5769,0
5770,1
5771,3
5772,3
5774,2
5776,3
5778,2
5779,3
5781,0
5782,2
5784,3
5785,0
5787,2
5788,3
5790,1
5791,2
5792,4
5793,0
5794,1
5795,2
5796,4
5797,0
5798,1
5799,3
5800,4
5801,0
5804,4
5805,0
5806,2
5807,3
5808,4
5809,0
5810,1
5811,2
5812,4
5813,0
5815,3
5816,4
5817,0
5818,1
5819,3
5820,4
5821,0
5822,2
5823,2
5824,4
5826,1
5828,4
5829,0
5830,2
5832,4
5834,2
5835,2
5836,4
5837,0
5840,4
5842,2
5843,3
5844,4
5845,0
5846,1
5847,3
5848,4
5849,0
5850,2
5851,2
5852,4
5853,0
5854,1
5855,3
5856,3
5857,0
5858,1
5859,3
5860,4
5862,1
5863,3
5864,4
5865,0
5867,3
5869,0
5870,1
5871,3
5873,0
5874,1
5875,3
5876,4
5877,0
5878,1
5879,3
5881,0
5882,1
5883,2
5884,4
5885,0
5886,1
5887,2
5888,4
5889,0
5890,1
5891,3
5892,4
5893,0
5895,3
5896,4
5897,0
5899,3
5900,4
5903,2
5904,4
5905,0
5906,2
5907,3
5908,4
5909,0
5910,2
5911,2
5912,4
5913,0
5914,1
5915,3
5916,4
5918,2
5919,2
5920,4
5921,0
5922,1
5923,3
5925,0
5926,2
5928,4
5929,0
5930,1
5931,3
5933,0
5934,2
5935,3
5936,4
5937,0
5938,1
5940,4
5941,0
5942,2
5944,4
5945,1
5946,1
5947,3
5948,4
5949,1
5950,2
5951,2
5954,1
5955,3
5956,3
5958,2
5959,2
5960,3
5961,0
5962,1
5963,2
5964,3
5966,2
5967,3
5968,3
5969,0
5970,1
5972,3
5973,0
5974,1
5975,3
5976,3
5977,0
5978,1
5980,4
5981,1
5982,1
5983,3
5984,4
5985,0
5986,1
5989,0
5991,3
5992,4
5994,1
5995,2
5996,3
5997,0
5998,1
5999,3
6000,3
6001,1
6002,1
6003,2
6004,4
6005,1
6006,1
6008,4
6010,1
6011,2
6012,4
6013,0
6014,1
6015,3
6017,0
6018,2
6019,2
6020,3
6021,0
6022,1
6023,3
6024,3
6025,0
6026,2
6030,1
6031,3
6032,4
6033,0
6035,4
6037,2
6038,3
6040,0
6041,2
6042,3
6044,0
6045,2
6048,1
6049,2
6050,3
6051,4
6052,1
6054,3
6055,4
6056,1
6061,2
6062,3
6063,4
6065,2
6067,4
6069,3
6070,3
6073,2
6074,3
6075,4
6076,1
6077,2
6078,3
6079,4
6080,0
6081,3
6082,3
6084,1
6085,3
6088,1
6089,2
6090,3
6091,4
6092,1
6093,2
6094,4
6095,4
6096,1
6097,2
6098,3
6099,4
6101,2
6102,3
6104,0
6105,2
6107,4
6108,0
6109,2
6110,3
6111,4
6114,3
6115,4
6116,1
6117,2
6119,4
6124,1
6125,2
6126,3
6127,4
6129,2
6130,3
6131,4
6132,1
6133,2
6134,3
6135,4
6136,2
6140,2
6141,2
6142,3
6143,4
6144,2
6145,3
6147,4
6151,4
6153,3
6154,3
6155,4
6156,1
6157,2
6158,4
6159,4
6160,1
6161,3
6162,4
6163,0
6164,1
6165,3
6166,4
6167,0
6168,1
6169,3
6170,4
6171,0
6172,1
6173,3
6174,4
6175,0
6176,1
6177,3
6178,4
6179,0
6180,2
6181,3
6182,4
6183,0
6184,1
6186,4
6187,0
6188,1
6189,3
6190,4
6191,0
6192,2
6193,3
6194,4
6195,0
6196,2
6197,3
6198,4
6201,3
6202,4
6203,0
6204,1
6205,3
6208,2
6209,2
6210,4
6211,0
6212,1
6213,3
6214,4
6215,0
6216,2
6217,2
6219,0
6220,1
6221,3
6222,4
6224,2
6225,2
6226,4
6227,0
6228,2
6229,3
6230,4
6231,0
6232,1
6233,3
6235,0
6236,1
6237,2
6238,4
6240,1
6242,4
6243,0
6244,2
6245,3
6246,4
6247,0
6248,1
6249,2
6250,4
6252,1
6253,3
6254,4
6255,0
6257,2
6259,0
6260,1
6261,3
6262,4
6263,0
6264,2
6265,2
6266,4
6268,1
6269,3
6270,4
6271,1
6272,2
6274,4
6275,1
6277,3
6278,4
6280,2
6281,2
6283,1
6285,3
6286,4
6287,1
6288,2
6289,2
6290,4
6291,1
6292,1
6293,3
6295,1
6296,1
6297,3
6298,4
6299,1
6300,2
6301,3
6302,4
6304,2
6305,3
6308,1
6309,3
6310,4
6311,0
6312,1
6313,3
6314,4
6315,0
6316,1
6317,3
6318,4
6319,0
6320,1
6321,3
6322,4
6324,2
6325,3
6326,3
6327,0
6328,2
6330,3
6331,1
6332,1
6334,3
6335,1
6336,2
6338,3
6339,1
6340,1
6341,3
6343,0
6345,2
6346,4
6347,0
6348,2
6349,3
6350,4
6351,0
6352,1
6354,4
6355,0
6356,2
6357,3
6358,4
6359,0
6360,1
6363,1
6364,2
6365,3
6367,0
6368,1
6369,3
6370,4
6371,0
6372,2
6374,4
6376,2
6377,3
6378,4
6379,0
6380,1
6382,4
6384,2
6385,3
6386,4
6388,1
6389,2
6390,4
6391,0
6392,2
6393,3
6394,4
6395,0
6396,1
6397,3
6398,4
6400,2
6401,3
6402,3
6403,1
6406,3
6407,1
6408,1
6409,2
6410,4
6413,0
6415,3
6416,4
6417,0
6418,1
6420,4
6421,0
6423,3
6425,0
6426,2
6427,3
6429,0
6430,2
6431,3
6432,4
6433,0
6434,2
6435,3
6437,0
6438,2
6439,3
6440,4
6442,2
6443,3
6445,1
6446,2
6447,3
6449,1
6450,2
6451,3
6452,4
6453,1
6456,4
6457,1
6458,2
6459,2
6460,4
6462,2
6463,3
6464,4
6465,1
6466,2
6467,2
6469,1
6473,1
6475,2
6476,4
6477,0
6478,1
6479,3
6480,4
6481,1
6482,2
6483,2
6484,4
6485,0
6487,3
6488,4
6490,2
6491,3
6492,4
6493,1
6494,1
6495,3
6496,4
6497,1
6498,2
6499,3
6500,4
6501,1
6502,1
6503,3
6506,2
6508,4
6509,1
6510,2
6511,2
6512,4
6513,1
6514,2
6515,3
6517,1
6520,4
6523,3
6524,4
6525,1